purpose,amount
Social,232415652102.17227
Educational,112837487392.40042
Religious,32017487430.830013
Economic,8168318490.120004
Cultural,5892074074.130002
